      509607           1   509607.000000000        509607.000000000             
           1           0          14          22           0           0        
  0.000000000000000E+000   1.00000000000000                                     
        2000        2000           0           0                                
  0.000000000000000E+000  0.000000000000000E+000  0.000000000000000E+000        
  -1.00000000000000               14                                            
           1           0           0           0                                
   1.00000000000000       0.000000000000000E+000  0.000000000000000E+000        
  -1.00000000000000                                                             
   1.33200000000000       0.000000000000000E+000 -0.891089108910891             
  0.000000000000000E+000   1.06958434166610                                     
   1.33200000000000       0.000000000000000E+000 -0.891089108910891             
  0.000000000000000E+000   1.06958434166610                                     
  0.000000000000000E+000  0.000000000000000E+000  0.000000000000000E+000        
           0                                                                    
          10                                                                    
           1           0          14          22           0           0        
  0.000000000000000E+000   1.00000000000000                                     
        2000        1000           0           0                                
  0.000000000000000E+000  0.000000000000000E+000  0.000000000000000E+000        
  -1.00000000000000                6                                            
           1           0           0           0                                
   1.00000000000000       0.000000000000000E+000  0.000000000000000E+000        
  -1.00000000000000                                                             
   1.33200000000000       0.000000000000000E+000 -0.891089108910891             
  0.000000000000000E+000   1.06958434166610                                     
   1.33200000000000       3.567748831829011E-002 -0.891089108910891             
  0.000000000000000E+000  0.000000000000000E+000                                
  0.000000000000000E+000  0.000000000000000E+000  0.000000000000000E+000        
           0                                                                    
          13                                                                    
           1           2          14          22           0           0        
  0.000000000000000E+000   1.00000000000000                                     
        1000        1000           0           0                                
  0.000000000000000E+000  0.000000000000000E+000  0.000000000000000E+000        
  -1.00000000000000                6                                            
           1           0           0           0                                
   1.00000000000000       0.000000000000000E+000  0.000000000000000E+000        
  -1.00000000000000                                                             
   1.33200000000000       3.567748831829011E-002 -0.891089108910891             
  0.000000000000000E+000  0.000000000000000E+000                                
   1.33200000000000       3.801762575334552E-002 -0.891089108910891             
  0.000000000000000E+000 -7.015556519988485E-002                                
  0.000000000000000E+000  0.000000000000000E+000  0.000000000000000E+000        
           0                                                                    
           2                                                                    
           0           0          13           0                                
           7                                                                    
           0           0           0          12           0          -1        
           0          11           0                                            
  0.000000000000000E+000 -0.926138851203123       0.373098577096681             
  5.535593970471350E-002  8.203811200678814E-004  5.109989020000000E-004        
  0.000000000000000E+000  0.309382218067881        1.00000000000000             
  3.801762575334552E-002 -0.891089108910891       0.000000000000000E+000        
 -7.015556519988485E-002                                                        
           0           0           0                                            
           7                                                                    
           0           0           0          13           0           1        
           0         -11           0                                            
  0.000000000000000E+000  0.904893444974591      -0.364539783970350             
 -0.219723915732602       5.116188799321186E-004  5.109989020000000E-004        
  0.000000000000000E+000  6.199779321186538E-004   1.00000000000000             
  3.801762575334552E-002 -0.891089108910891       0.000000000000000E+000        
 -7.015556519988485E-002                                                        
           0           0           0                                            
          14                                                                    
           2           2          12          11          -1           0        
  0.511000000000000        1.00000000000000                                     
  0.000000000000000E+000                                                        
        1000        1000           0           0                                
  0.000000000000000E+000  0.000000000000000E+000  0.000000000000000E+000        
  -1.00000000000000                6                                            
           2           0           0           0                                
   1.00000000000000      -0.926138851203123       0.373098577096681             
  5.535593970471350E-002                                                        
  0.309382218067881       3.801762575334552E-002 -0.891089108910891             
  0.000000000000000E+000 -7.015556519988485E-002                                
  0.309382218067881       3.803145730405461E-002 -0.891389543929313             
  1.210313958189939E-004 -7.013760799752436E-002                                
  0.000000000000000E+000  0.000000000000000E+000  0.000000000000000E+000        
          -1                                                                    
           1                                                                    
           0           0          14           0                                
           7                                                                    
           0           0           0          12           0          -1        
           0          11           0                                            
  0.000000000000000E+000 -0.818720709248202       0.488062433096475             
 -0.302475555455430       8.203811200678814E-004  5.109989020000000E-004        
  0.000000000000000E+000  0.309382218067881        1.00000000000000             
  3.803145730405461E-002 -0.891389543929313       1.210313958189939E-004        
 -7.013760799752436E-002                                                        
           0           0           0                                            
          14                                                                    
           2           2          12          11          -1           0        
  0.511000000000000        1.00000000000000                                     
  0.000000000000000E+000                                                        
        1000        1000           0           0                                
  0.000000000000000E+000  0.000000000000000E+000  0.000000000000000E+000        
  -1.00000000000000                6                                            
           3           0           0           0                                
   1.00000000000000      -0.818720709248202       0.488062433096475             
 -0.302475555455430                                                             
  0.309382218067881       3.803145730405461E-002 -0.891389543929313             
  1.210313958189939E-004 -7.013760799752436E-002                                
  0.287358428106011       3.803424334088308E-002 -0.891442573951152             
  1.526440827749119E-004 -7.015719988659019E-002                                
  0.000000000000000E+000  0.000000000000000E+000  0.000000000000000E+000        
          -1                                                                    
           1                                                                    
           0           0          14           0                                
           7                                                                    
           0           0           0          12           0          -1        
           0          11           0                                            
  0.000000000000000E+000 -0.818720709248202       0.488062433096475             
 -0.302475555455430       7.983573301060108E-004  5.109989020000000E-004        
  0.000000000000000E+000  0.287358428106011        1.00000000000000             
  3.803424334088308E-002 -0.891442573951152       1.526440827749119E-004        
 -7.015719988659019E-002                                                        
           0           0           0                                            
          14                                                                    
           2           2          12          11          -1           0        
  0.511000000000000        1.00000000000000                                     
  0.000000000000000E+000                                                        
        1000        1000           0           0                                
  0.000000000000000E+000  0.000000000000000E+000  0.000000000000000E+000        
  -1.00000000000000                6                                            
           4           0           0           0                                
   1.00000000000000      -0.818720709248202       0.488062433096475             
 -0.302475555455430                                                             
  0.287358428106011       3.803424334088308E-002 -0.891442573951152             
  1.526440827749119E-004 -7.015719988659019E-002                                
  0.287358428106011       3.806472137876959E-002 -0.892017334397642             
  4.952749443042123E-004 -7.036954456450308E-002                                
  0.000000000000000E+000  0.000000000000000E+000  0.000000000000000E+000        
          -1                                                                    
           1                                                                    
           0           0          14           0                                
           7                                                                    
           0           0           0          12           0          -1        
           0          11           0                                            
  0.000000000000000E+000 -0.227059017013383       0.663798460345050             
 -0.712611960913131       7.983573301060108E-004  5.109989020000000E-004        
  0.000000000000000E+000  0.287358428106011        1.00000000000000             
  3.806472137876959E-002 -0.892017334397642       4.952749443042123E-004        
 -7.036954456450308E-002                                                        
           0           0           0                                            
          14                                                                    
           2           2          12          11          -1           0        
  0.511000000000000        1.00000000000000                                     
  0.000000000000000E+000                                                        
        1000        1000           0           0                                
  0.000000000000000E+000  0.000000000000000E+000  0.000000000000000E+000        
  -1.00000000000000                6                                            
           5           0           0           0                                
   1.00000000000000      -0.227059017013383       0.663798460345050             
 -0.712611960913131                                                             
  0.287358428106011       3.806472137876959E-002 -0.892017334397642             
  4.952749443042123E-004 -7.036954456450308E-002                                
  0.287358428106011       3.809717330741224E-002 -0.892187058436818             
  9.914567624509443E-004 -7.090221392052296E-002                                
  0.000000000000000E+000  0.000000000000000E+000  0.000000000000000E+000        
          -1                                                                    
           1                                                                    
           0           0          14           0                                
           7                                                                    
           0           0           0          12           0          -1        
           0          11           0                                            
  0.000000000000000E+000 -0.480698501413607       0.870833728118515             
 -0.102847307742699       7.983573301060108E-004  5.109989020000000E-004        
  0.000000000000000E+000  0.287358428106011        1.00000000000000             
  3.809717330741224E-002 -0.892187058436818       9.914567624509443E-004        
 -7.090221392052296E-002                                                        
           0           0           0                                            
          14                                                                    
           2           2          12          11          -1           0        
  0.511000000000000        1.00000000000000                                     
  0.000000000000000E+000                                                        
        1000        1000           0           0                                
  0.000000000000000E+000  0.000000000000000E+000  0.000000000000000E+000        
  -1.00000000000000                6                                            
           6           0           0           0                                
   1.00000000000000      -0.480698501413607       0.870833728118515             
 -0.102847307742699                                                             
  0.287358428106011       3.809717330741224E-002 -0.892187058436818             
  9.914567624509443E-004 -7.090221392052296E-002                                
  0.287358428106011       3.811956186244807E-002 -0.892434950673612             
  1.440538505174191E-003 -7.095525142550714E-002                                
  0.000000000000000E+000  0.000000000000000E+000  0.000000000000000E+000        
          -1                                                                    
           1                                                                    
           0           0          14           0                                
           7                                                                    
           0           0           0          12           0          -1        
           0          11           0                                            
  0.000000000000000E+000 -0.188590737688005       0.757283970749972             
  0.625263561471041       7.983573301060108E-004  5.109989020000000E-004        
  0.000000000000000E+000  0.287358428106011        1.00000000000000             
  3.811956186244807E-002 -0.892434950673612       1.440538505174191E-003        
 -7.095525142550714E-002                                                        
           0           0           0                                            
          14                                                                    
           2           2          12          11          -1           0        
  0.511000000000000        1.00000000000000                                     
  0.000000000000000E+000                                                        
        1000        1000           0           0                                
  0.000000000000000E+000  0.000000000000000E+000  0.000000000000000E+000        
  -1.00000000000000                6                                            
           7           0           0           0                                
   1.00000000000000      -0.188590737688005       0.757283970749972             
  0.625263561471041                                                             
  0.287358428106011       3.811956186244807E-002 -0.892434950673612             
  1.440538505174191E-003 -7.095525142550714E-002                                
  0.287358428106011       3.813280570531678E-002 -0.892492481216434             
  1.671551748145286E-003 -7.076451166522404E-002                                
  0.000000000000000E+000  0.000000000000000E+000  0.000000000000000E+000        
          -1                                                                    
           1                                                                    
           0           0          14           0                                
           7                                                                    
           0           0           0          12           0          -1        
           0          11           0                                            
  0.000000000000000E+000  0.208284592150571       0.357618312761750             
  0.910344259634843       7.983573301060108E-004  5.109989020000000E-004        
  0.000000000000000E+000  0.287358428106011        1.00000000000000             
  3.813280570531678E-002 -0.892492481216434       1.671551748145286E-003        
 -7.076451166522404E-002                                                        
           0           0           0                                            
          14                                                                    
           2           2          12          11          -1           0        
  0.511000000000000        1.00000000000000                                     
  0.000000000000000E+000                                                        
        1000        1000           0           0                                
  0.000000000000000E+000  0.000000000000000E+000  0.000000000000000E+000        
  -1.00000000000000                6                                            
           8           0           0           0                                
   1.00000000000000       0.208284592150571       0.357618312761750             
  0.910344259634843                                                             
  0.287358428106011       3.813280570531678E-002 -0.892492481216434             
  1.671551748145286E-003 -7.076451166522404E-002                                
  0.266700744533274       3.814664240945850E-002 -0.892426709278597             
  1.784480165910527E-003 -7.047704390086847E-002                                
  0.000000000000000E+000  0.000000000000000E+000  0.000000000000000E+000        
          -1                                                                    
           1                                                                    
           0           0          14           0                                
           7                                                                    
           0           0           0          12           0          -1        
           0          11           0                                            
  0.000000000000000E+000  0.208284592150571       0.357618312761750             
  0.910344259634842       7.776996465332736E-004  5.109989020000000E-004        
  0.000000000000000E+000  0.266700744533274        1.00000000000000             
  3.814664240945850E-002 -0.892426709278597       1.784480165910527E-003        
 -7.047704390086847E-002                                                        
           0           0           0                                            
          14                                                                    
           2           2          12          11          -1           0        
  0.511000000000000        1.00000000000000                                     
  0.000000000000000E+000                                                        
        1000        1000           0           0                                
  0.000000000000000E+000  0.000000000000000E+000  0.000000000000000E+000        
  -1.00000000000000                6                                            
           9           0           0           0                                
   1.00000000000000       0.208284592150571       0.357618312761750             
  0.910344259634842                                                             
  0.266700744533274       3.814664240945850E-002 -0.892426709278597             
  1.784480165910527E-003 -7.047704390086847E-002                                
  0.266700744533274       3.815994210278224E-002 -0.892364106274533             
  1.891967620724364E-003 -7.020342651612976E-002                                
  0.000000000000000E+000  0.000000000000000E+000  0.000000000000000E+000        
          -1                                                                    
           1                                                                    
           0           0          14           0                                
           7                                                                    
           0           0           0          12           0          -1        
           0          11           0                                            
  0.000000000000000E+000 -3.152358828454623E-002 -0.858232078109142             
 -0.512292849341204       7.776996465332736E-004  5.109989020000000E-004        
  0.000000000000000E+000  0.266700744533274        1.00000000000000             
  3.815994210278224E-002 -0.892364106274533       1.891967620724364E-003        
 -7.020342651612976E-002                                                        
           0           0           0                                            
          14                                                                    
           2           2          12          11          -1           0        
  0.511000000000000        1.00000000000000                                     
  0.000000000000000E+000                                                        
        1000        1000           0           0                                
  0.000000000000000E+000  0.000000000000000E+000  0.000000000000000E+000        
  -1.00000000000000                6                                            
          10           0           0           0                                
   1.00000000000000      -3.152358828454623E-002 -0.858232078109142             
 -0.512292849341204                                                             
  0.266700744533274       3.815994210278224E-002 -0.892364106274533             
  1.891967620724364E-003 -7.020342651612976E-002                                
  0.266700744533274       3.821023568406165E-002 -0.892399936093287             
  9.164980919976656E-004 -7.078570032884708E-002                                
  0.000000000000000E+000  0.000000000000000E+000  0.000000000000000E+000        
          -1                                                                    
           1                                                                    
           0           0          14           0                                
           7                                                                    
           0           0           0          12           0          -1        
           0          11           0                                            
  0.000000000000000E+000  0.107315936369892       0.268219073780746             
 -0.957361905582864       7.776996465332736E-004  5.109989020000000E-004        
  0.000000000000000E+000  0.266700744533274        1.00000000000000             
  3.821023568406165E-002 -0.892399936093287       9.164980919976656E-004        
 -7.078570032884708E-002                                                        
           0           0           0                                            
          14                                                                    
           2           2          12          11          -1           0        
  0.511000000000000        1.00000000000000                                     
  0.000000000000000E+000                                                        
        1000        1000           0           0                                
  0.000000000000000E+000  0.000000000000000E+000  0.000000000000000E+000        
  -1.00000000000000                6                                            
          11           0           0           0                                
   1.00000000000000       0.107315936369892       0.268219073780746             
 -0.957361905582864                                                             
  0.266700744533274       3.821023568406165E-002 -0.892399936093287             
  9.164980919976656E-004 -7.078570032884708E-002                                
  0.266700744533274       3.822118600711415E-002 -0.892373378571046             
  9.828743848246510E-004 -7.102261910308129E-002                                
  0.000000000000000E+000  0.000000000000000E+000  0.000000000000000E+000        
          -1                                                                    
           1                                                                    
           0           0          14           0                                
           7                                                                    
           0           0           0          12           0          -1        
           0          11           0                                            
  0.000000000000000E+000 -0.689996317677423       0.214261955772980             
 -0.691373195821138       7.776996465332736E-004  5.109989020000000E-004        
  0.000000000000000E+000  0.266700744533274        1.00000000000000             
  3.822118600711415E-002 -0.892373378571046       9.828743848246510E-004        
 -7.102261910308129E-002                                                        
           0           0           0                                            
          14                                                                    
           2           2          12          11          -1           0        
  0.511000000000000        1.00000000000000                                     
  0.000000000000000E+000                                                        
        1000        1000           0           0                                
  0.000000000000000E+000  0.000000000000000E+000  0.000000000000000E+000        
  -1.00000000000000                6                                            
          12           0           0           0                                
   1.00000000000000      -0.689996317677423       0.214261955772980             
 -0.691373195821138                                                             
  0.266700744533274       3.822118600711415E-002 -0.892373378571046             
  9.828743848246510E-004 -7.102261910308129E-002                                
  0.246657603528412       3.822288186213547E-002 -0.892399557544451             
  9.910036427616346E-004 -7.104885031626737E-002                                
  0.000000000000000E+000  0.000000000000000E+000  0.000000000000000E+000        
          -1                                                                    
           1                                                                    
           0           0          14           0                                
           7                                                                    
           0           0           0          12           0          -1        
           0          11           0                                            
  0.000000000000000E+000 -0.689996317677423       0.214261955772980             
 -0.691373195821138       7.576565055284118E-004  5.109989020000000E-004        
  0.000000000000000E+000  0.246657603528412        1.00000000000000             
  3.822288186213547E-002 -0.892399557544451       9.910036427616346E-004        
 -7.104885031626737E-002                                                        
           0           0           0                                            
          14                                                                    
           2           2          12          11          -1           0        
  0.511000000000000        1.00000000000000                                     
  0.000000000000000E+000                                                        
        1000        1000           0           0                                
  0.000000000000000E+000  0.000000000000000E+000  0.000000000000000E+000        
  -1.00000000000000                6                                            
          13           0           0           0                                
   1.00000000000000      -0.689996317677423       0.214261955772980             
 -0.691373195821138                                                             
  0.246657603528412       3.822288186213547E-002 -0.892399557544451             
  9.910036427616346E-004 -7.104885031626737E-002                                
  0.246657603528412       3.824043857994455E-002 -0.892667694915319             
  1.074267329865750E-003 -7.131752275156436E-002                                
  0.000000000000000E+000  0.000000000000000E+000  0.000000000000000E+000        
          -1                                                                    
           1                                                                    
           0           0          14           0                                
           7                                                                    
           0           0           0          12           0          -1        
           0          11           0                                            
  0.000000000000000E+000 -0.901398042369102      -0.390555884191536             
  0.186942960649815       7.576565055284118E-004  5.109989020000000E-004        
  0.000000000000000E+000  0.246657603528412        1.00000000000000             
  3.824043857994455E-002 -0.892667694915319       1.074267329865750E-003        
 -7.131752275156436E-002                                                        
           0           0           0                                            
          14                                                                    
           2           2          12          11          -1           0        
  0.511000000000000        1.00000000000000                                     
  0.000000000000000E+000                                                        
        1000        1000           0           0                                
  0.000000000000000E+000  0.000000000000000E+000  0.000000000000000E+000        
  -1.00000000000000                6                                            
          14           0           0           0                                
   1.00000000000000      -0.901398042369102      -0.390555884191536             
  0.186942960649815                                                             
  0.246657603528412       3.824043857994455E-002 -0.892667694915319             
  1.074267329865750E-003 -7.131752275156436E-002                                
  0.246657603528412       3.827455497599567E-002 -0.893348381204622             
  7.793409787090137E-004 -7.117635369614732E-002                                
  0.000000000000000E+000  0.000000000000000E+000  0.000000000000000E+000        
          -1                                                                    
           1                                                                    
           0           0          14           0                                
           7                                                                    
           0           0           0          12           0          -1        
           0          11           0                                            
  0.000000000000000E+000 -0.416398357278742      -0.786409981030903             
 -0.456258424350213       7.576565055284118E-004  5.109989020000000E-004        
  0.000000000000000E+000  0.246657603528412        1.00000000000000             
  3.827455497599567E-002 -0.893348381204622       7.793409787090137E-004        
 -7.117635369614732E-002                                                        
           0           0           0                                            
          14                                                                    
           2           2          12          11          -1           0        
  0.511000000000000        1.00000000000000                                     
  0.000000000000000E+000                                                        
        1000        1000           0           0                                
  0.000000000000000E+000  0.000000000000000E+000  0.000000000000000E+000        
  -1.00000000000000                6                                            
          15           0           0           0                                
   1.00000000000000      -0.416398357278742      -0.786409981030903             
 -0.456258424350213                                                             
  0.246657603528412       3.827455497599567E-002 -0.893348381204622             
  7.793409787090137E-004 -7.117635369614732E-002                                
  0.246657603528412       3.829449261226078E-002 -0.893532140755659             
  4.322926714345610E-004 -7.137770377774583E-002                                
  0.000000000000000E+000  0.000000000000000E+000  0.000000000000000E+000        
          -1                                                                    
           1                                                                    
           0           0          14           0                                
           7                                                                    
           0           0           0          12           0          -1        
           0          11           0                                            
  0.000000000000000E+000  0.678324481951205      -0.270163435088681             
 -0.683291749933155       7.576565055284118E-004  5.109989020000000E-004        
  0.000000000000000E+000  0.246657603528412        1.00000000000000             
  3.829449261226078E-002 -0.893532140755659       4.322926714345610E-004        
 -7.137770377774583E-002                                                        
           0           0           0                                            
          14                                                                    
           2           2          12          11          -1           0        
  0.511000000000000        1.00000000000000                                     
  0.000000000000000E+000                                                        
        1000        1000           0           0                                
  0.000000000000000E+000  0.000000000000000E+000  0.000000000000000E+000        
  -1.00000000000000                6                                            
          16           0           0           0                                
   1.00000000000000       0.678324481951205      -0.270163435088681             
 -0.683291749933155                                                             
  0.246657603528412       3.829449261226078E-002 -0.893532140755659             
  4.322926714345610E-004 -7.137770377774583E-002                                
  0.228207704661277       3.831026211835091E-002 -0.893297835884523             
  3.389736028640461E-004 -7.161372442815231E-002                                
  0.000000000000000E+000  0.000000000000000E+000  0.000000000000000E+000        
          -1                                                                    
           1                                                                    
           0           0          14           0                                
           7                                                                    
           0           0           0          12           0          -1        
           0          11           0                                            
  0.000000000000000E+000  0.678324481951205      -0.270163435088681             
 -0.683291749933155       7.392066066612774E-004  5.109989020000000E-004        
  0.000000000000000E+000  0.228207704661277        1.00000000000000             
  3.831026211835091E-002 -0.893297835884523       3.389736028640461E-004        
 -7.161372442815231E-002                                                        
           0           0           0                                            
          14                                                                    
           2           2          12          11          -1           0        
  0.511000000000000        1.00000000000000                                     
  0.000000000000000E+000                                                        
        1000        1000           0           0                                
  0.000000000000000E+000  0.000000000000000E+000  0.000000000000000E+000        
  -1.00000000000000                6                                            
          17           0           0           0                                
   1.00000000000000       0.678324481951205      -0.270163435088681             
 -0.683291749933155                                                             
  0.228207704661277       3.831026211835091E-002 -0.893297835884523             
  3.389736028640461E-004 -7.161372442815231E-002                                
  0.228207704661277       3.831871990451140E-002 -0.893173554893328             
  2.894749036560445E-004 -7.173891551032133E-002                                
  0.000000000000000E+000  0.000000000000000E+000  0.000000000000000E+000        
          -1                                                                    
           1                                                                    
           0           0          14           0                                
           7                                                                    
           0           0           0          12           0          -1        
           0          11           0                                            
  0.000000000000000E+000  0.129137321276472      -0.375102671460944             
 -0.917944191177438       7.392066066612774E-004  5.109989020000000E-004        
  0.000000000000000E+000  0.228207704661277        1.00000000000000             
  3.831871990451140E-002 -0.893173554893328       2.894749036560445E-004        
 -7.173891551032133E-002                                                        
           0           0           0                                            
          14                                                                    
           2           2          12          11          -1           0        
  0.511000000000000        1.00000000000000                                     
  0.000000000000000E+000                                                        
        1000        1000           0           0                                
  0.000000000000000E+000  0.000000000000000E+000  0.000000000000000E+000        
  -1.00000000000000                6                                            
          18           0           0           0                                
   1.00000000000000       0.129137321276472      -0.375102671460944             
 -0.917944191177438                                                             
  0.228207704661277       3.831871990451140E-002 -0.893173554893328             
  2.894749036560445E-004 -7.173891551032133E-002                                
  0.228207704661277       3.833910059574178E-002 -0.893116540934368             
  1.238675633071980E-004 -7.214418667380702E-002                                
  0.000000000000000E+000  0.000000000000000E+000  0.000000000000000E+000        
          -1                                                                    
           1                                                                    
           0           0          14           0                                
           7                                                                    
           0           0           0          12           0          -1        
           0          11           0                                            
  0.000000000000000E+000  0.775273205216713       0.609029741067458             
 -0.167434261034920       7.392066066612774E-004  5.109989020000000E-004        
  0.000000000000000E+000  0.228207704661277        1.00000000000000             
  3.833910059574178E-002 -0.893116540934368       1.238675633071980E-004        
 -7.214418667380702E-002                                                        
           0           0           0                                            
          14                                                                    
           2           2          12          11          -1           0        
  0.511000000000000        1.00000000000000                                     
  0.000000000000000E+000                                                        
        1000        1000           0           0                                
  0.000000000000000E+000  0.000000000000000E+000  0.000000000000000E+000        
  -1.00000000000000                6                                            
          19           0           0           0                                
   1.00000000000000       0.775273205216713       0.609029741067458             
 -0.167434261034920                                                             
  0.228207704661277       3.833910059574178E-002 -0.893116540934368             
  1.238675633071980E-004 -7.214418667380702E-002                                
  0.210300097747543       3.834041638153098E-002 -0.893094693984008             
  1.410298261470248E-004 -7.214890491760122E-002                                
  0.000000000000000E+000  0.000000000000000E+000  0.000000000000000E+000        
          -1                                                                    
           1                                                                    
           0           0          14           0                                
           7                                                                    
           0           0           0          12           0          -1        
           0          11           0                                            
  0.000000000000000E+000  0.775273205216713       0.609029741067458             
 -0.167434261034920       7.212989997475433E-004  5.109989020000000E-004        
  0.000000000000000E+000  0.210300097747543        1.00000000000000             
  3.834041638153098E-002 -0.893094693984008       1.410298261470248E-004        
 -7.214890491760122E-002                                                        
           0           0           0                                            
          14                                                                    
           2           2          12          11          -1           0        
  0.511000000000000        1.00000000000000                                     
  0.000000000000000E+000                                                        
        1000        1000           0           0                                
  0.000000000000000E+000  0.000000000000000E+000  0.000000000000000E+000        
  -1.00000000000000                6                                            
          20           0           0           0                                
   1.00000000000000       0.775273205216713       0.609029741067458             
 -0.167434261034920                                                             
  0.210300097747543       3.834041638153098E-002 -0.893094693984008             
  1.410298261470248E-004 -7.214890491760122E-002                                
  0.210300097747543       3.836755619401873E-002 -0.892649505041943             
  4.907559669290344E-004 -7.224505151603136E-002                                
  0.000000000000000E+000  0.000000000000000E+000  0.000000000000000E+000        
          -1                                                                    
           1                                                                    
           0           0          14           0                                
           7                                                                    
           0           0           0          12           0          -1        
           0          11           0                                            
  0.000000000000000E+000 -0.355566205213236       0.893744725156651             
 -0.273483162123230       7.212989997475433E-004  5.109989020000000E-004        
  0.000000000000000E+000  0.210300097747543        1.00000000000000             
  3.836755619401873E-002 -0.892649505041943       4.907559669290344E-004        
 -7.224505151603136E-002                                                        
           0           0           0                                            
          14                                                                    
           2           2          12          11          -1           0        
  0.511000000000000        1.00000000000000                                     
  0.000000000000000E+000                                                        
        1000        1000           0           0                                
  0.000000000000000E+000  0.000000000000000E+000  0.000000000000000E+000        
  -1.00000000000000                6                                            
          21           0           0           0                                
   1.00000000000000      -0.355566205213236       0.893744725156651             
 -0.273483162123230                                                             
  0.210300097747543       3.836755619401873E-002 -0.892649505041943             
  4.907559669290344E-004 -7.224505151603136E-002                                
  0.210300097747543       3.837779409459905E-002 -0.892726526925681             
  6.843567684206467E-004 -7.230429277127036E-002                                
  0.000000000000000E+000  0.000000000000000E+000  0.000000000000000E+000        
          -1                                                                    
           1                                                                    
           0           0          14           0                                
           7                                                                    
           0           0           0          12           0          -1        
           0          11           0                                            
  0.000000000000000E+000 -0.741496501630240       0.376889537370727             
  0.555101085110266       7.212989997475433E-004  5.109989020000000E-004        
  0.000000000000000E+000  0.210300097747543        1.00000000000000             
  3.837779409459905E-002 -0.892726526925681       6.843567684206467E-004        
 -7.230429277127036E-002                                                        
           0           0           0                                            
          14                                                                    
           2           2          12          11          -1           0        
  0.511000000000000        1.00000000000000                                     
  0.000000000000000E+000                                                        
        1000        1000           0           0                                
  0.000000000000000E+000  0.000000000000000E+000  0.000000000000000E+000        
  -1.00000000000000                6                                            
          22           0           0           0                                
   1.00000000000000      -0.741496501630240       0.376889537370727             
  0.555101085110266                                                             
  0.210300097747543       3.837779409459905E-002 -0.892726526925681             
  6.843567684206467E-004 -7.230429277127036E-002                                
  0.196546580854285       3.838776746155351E-002 -0.892881465479545             
  7.631092908644780E-004 -7.218830225858934E-002                                
  0.000000000000000E+000  0.000000000000000E+000  0.000000000000000E+000        
          -1                                                                    
           1                                                                    
           0           0          14           0                                
           7                                                                    
           0           0           0          12           0          -1        
           0          11           0                                            
  0.000000000000000E+000 -0.741496501630240       0.376889537370727             
  0.555101085110266       7.075454828542846E-004  5.109989020000000E-004        
  0.000000000000000E+000  0.196546580854285        1.00000000000000             
  3.838776746155351E-002 -0.892881465479545       7.631092908644780E-004        
 -7.218830225858934E-002                                                        
           0           0           0                                            
          14                                                                    
           2           2          12          11          -1           0        
  0.511000000000000        1.00000000000000                                     
  0.000000000000000E+000                                                        
        1000        1000           0           0                                
  0.000000000000000E+000  0.000000000000000E+000  0.000000000000000E+000        
  -1.00000000000000                6                                            
          23           0           0           0                                
   1.00000000000000      -0.741496501630240       0.376889537370727             
  0.555101085110266                                                             
  0.196546580854285       3.838776746155351E-002 -0.892881465479545             
  7.631092908644780E-004 -7.218830225858934E-002                                
  0.196546580854285       3.841022459217898E-002 -0.893226754614612             
  9.386136419817784E-004 -7.192981098704482E-002                                
  0.000000000000000E+000  0.000000000000000E+000  0.000000000000000E+000        
          -1                                                                    
           1                                                                    
           0           0          14           0                                
           7                                                                    
           0           0           0          12           0          -1        
           0          11           0                                            
  0.000000000000000E+000 -0.869887785474887       0.492742797389226             
  2.235567719029044E-002  7.075454828542846E-004  5.109989020000000E-004        
  0.000000000000000E+000  0.196546580854285        1.00000000000000             
  3.841022459217898E-002 -0.893226754614612       9.386136419817784E-004        
 -7.192981098704482E-002                                                        
           0           0           0                                            
          14                                                                    
           2           2          12          11          -1           0        
  0.511000000000000        1.00000000000000                                     
  0.000000000000000E+000                                                        
        1000        1000           0           0                                
  0.000000000000000E+000  0.000000000000000E+000  0.000000000000000E+000        
  -1.00000000000000                6                                            
          24           0           0           0                                
   1.00000000000000      -0.869887785474887       0.492742797389226             
  2.235567719029044E-002                                                        
  0.196546580854285       3.841022459217898E-002 -0.893226754614612             
  9.386136419817784E-004 -7.192981098704482E-002                                
  0.196546580854285       3.841933260349558E-002 -0.893391042801142             
  1.031673714741253E-003 -7.192558886354157E-002                                
  0.000000000000000E+000  0.000000000000000E+000  0.000000000000000E+000        
          -1                                                                    
           1                                                                    
           0           0          14           0                                
           7                                                                    
           0           0           0          12           0          -1        
           0          11           0                                            
  0.000000000000000E+000 -0.697982190764122       0.635571554024096             
  0.329954028754783       7.075454828542846E-004  5.109989020000000E-004        
  0.000000000000000E+000  0.196546580854285        1.00000000000000             
  3.841933260349558E-002 -0.893391042801142       1.031673714741253E-003        
 -7.192558886354157E-002                                                        
           0           0           0                                            
          14                                                                    
           2           2          12          11          -1           0        
  0.511000000000000        1.00000000000000                                     
  0.000000000000000E+000                                                        
        1000        1000           0           0                                
  0.000000000000000E+000  0.000000000000000E+000  0.000000000000000E+000        
  -1.00000000000000                6                                            
          25           0           0           0                                
   1.00000000000000      -0.697982190764122       0.635571554024096             
  0.329954028754783                                                             
  0.196546580854285       3.841933260349558E-002 -0.893391042801142             
  1.031673714741253E-003 -7.192558886354157E-002                                
  0.196546580854285       3.843489114635291E-002 -0.893616224350810             
  1.236720475753486E-003 -7.181913978719329E-002                                
  0.000000000000000E+000  0.000000000000000E+000  0.000000000000000E+000        
          -1                                                                    
           1                                                                    
           0           0          14           0                                
           7                                                                    
           0           0           0          12           0          -1        
           0          11           0                                            
  0.000000000000000E+000 -0.503662312322301      -0.307835984227676             
  0.807193460058201       7.075454828542846E-004  5.109989020000000E-004        
  0.000000000000000E+000  0.196546580854285        1.00000000000000             
  3.843489114635291E-002 -0.893616224350810       1.236720475753486E-003        
 -7.181913978719329E-002                                                        
           0           0           0                                            
          14                                                                    
           2           2          12          11          -1           0        
  0.511000000000000        1.00000000000000                                     
  0.000000000000000E+000                                                        
        1000        1000           0           0                                
  0.000000000000000E+000  0.000000000000000E+000  0.000000000000000E+000        
  -1.00000000000000                6                                            
          26           0           0           0                                
   1.00000000000000      -0.503662312322301      -0.307835984227676             
  0.807193460058201                                                             
  0.196546580854285       3.843489114635291E-002 -0.893616224350810             
  1.236720475753486E-003 -7.181913978719329E-002                                
  0.183556040933463       3.844057122576194E-002 -0.893674940931641             
  1.200833183795348E-003 -7.172503776906670E-002                                
  0.000000000000000E+000  0.000000000000000E+000  0.000000000000000E+000        
          -1                                                                    
           1                                                                    
           0           0          14           0                                
           7                                                                    
           0           0           0          12           0          -1        
           0          11           0                                            
  0.000000000000000E+000 -0.503662312322301      -0.307835984227677             
  0.807193460058201       6.945549429334625E-004  5.109989020000000E-004        
  0.000000000000000E+000  0.183556040933463        1.00000000000000             
  3.844057122576194E-002 -0.893674940931641       1.200833183795348E-003        
 -7.172503776906670E-002                                                        
           0           0           0                                            
          14                                                                    
           2           2          12          11          -1           0        
  0.511000000000000        1.00000000000000                                     
  0.000000000000000E+000                                                        
        1000        1000           0           0                                
  0.000000000000000E+000  0.000000000000000E+000  0.000000000000000E+000        
  -1.00000000000000                6                                            
          27           0           0           0                                
   1.00000000000000      -0.503662312322301      -0.307835984227677             
  0.807193460058201                                                             
  0.183556040933463       3.844057122576194E-002 -0.893674940931641             
  1.200833183795348E-003 -7.172503776906670E-002                                
  0.183556040933463       3.845533930324688E-002 -0.893825968048232             
  1.108526136110277E-003 -7.148299444396419E-002                                
  0.000000000000000E+000  0.000000000000000E+000  0.000000000000000E+000        
          -1                                                                    
           1                                                                    
           0           0          14           0                                
           7                                                                    
           0           0           0          12           0          -1        
           0          11           0                                            
  0.000000000000000E+000  0.143724534936047      -0.725209667742590             
  0.673360375928150       6.945549429334625E-004  5.109989020000000E-004        
  0.000000000000000E+000  0.183556040933463        1.00000000000000             
  3.845533930324688E-002 -0.893825968048232       1.108526136110277E-003        
 -7.148299444396419E-002                                                        
           0           0           0                                            
          14                                                                    
           2           2          12          11          -1           0        
  0.511000000000000        1.00000000000000                                     
  0.000000000000000E+000                                                        
        1000        1000           0           0                                
  0.000000000000000E+000  0.000000000000000E+000  0.000000000000000E+000        
  -1.00000000000000                6                                            
          28           0           0           0                                
   1.00000000000000       0.143724534936047      -0.725209667742590             
  0.673360375928150                                                             
  0.183556040933463       3.845533930324688E-002 -0.893825968048232             
  1.108526136110277E-003 -7.148299444396419E-002                                
  0.183556040933463       3.847888982335784E-002 -0.893757241753771             
  7.617448910468010E-004 -7.116100652801757E-002                                
  0.000000000000000E+000  0.000000000000000E+000  0.000000000000000E+000        
          -1                                                                    
           1                                                                    
           0           0          14           0                                
           7                                                                    
           0           0           0          12           0          -1        
           0          11           0                                            
  0.000000000000000E+000  0.554144803616077       0.776893997709251             
  0.298930180725595       6.945549429334625E-004  5.109989020000000E-004        
  0.000000000000000E+000  0.183556040933463        1.00000000000000             
  3.847888982335784E-002 -0.893757241753771       7.617448910468010E-004        
 -7.116100652801757E-002                                                        
           0           0           0                                            
          14                                                                    
           2           2          12          11          -1           0        
  0.511000000000000        1.00000000000000                                     
  0.000000000000000E+000                                                        
        1000        1000           0           0                                
  0.000000000000000E+000  0.000000000000000E+000  0.000000000000000E+000        
  -1.00000000000000                6                                            
          29           0           0           0                                
   1.00000000000000       0.554144803616077       0.776893997709251             
  0.298930180725595                                                             
  0.183556040933463       3.847888982335784E-002 -0.893757241753771             
  7.617448910468010E-004 -7.116100652801757E-002                                
  0.183556040933463       3.848415766618945E-002 -0.893697970025908             
  8.448420333642248E-004 -7.112903274028852E-002                                
  0.000000000000000E+000  0.000000000000000E+000  0.000000000000000E+000        
          -1                                                                    
           1                                                                    
           0           0          14           0                                
           7                                                                    
           0           0           0          12           0          -1        
           0          11           0                                            
  0.000000000000000E+000  0.884624350533499       0.465732676608203             
 -2.308316231681280E-002  6.945549429334625E-004  5.109989020000000E-004        
  0.000000000000000E+000  0.183556040933463        1.00000000000000             
  3.848415766618945E-002 -0.893697970025908       8.448420333642248E-004        
 -7.112903274028852E-002                                                        
           0           0           0                                            
          14                                                                    
           2           2          12          11          -1           0        
  0.511000000000000        1.00000000000000                                     
  0.000000000000000E+000                                                        
        1000        1000           0           0                                
  0.000000000000000E+000  0.000000000000000E+000  0.000000000000000E+000        
  -1.00000000000000                6                                            
          30           0           0           0                                
   1.00000000000000       0.884624350533499       0.465732676608203             
 -2.308316231681280E-002                                                        
  0.183556040933463       3.848415766618945E-002 -0.893697970025908             
  8.448420333642248E-004 -7.112903274028852E-002                                
  0.170282022210464       3.850397301431585E-002 -0.893346145396028             
  1.030068933880539E-003 -7.113821316250239E-002                                
  0.000000000000000E+000  0.000000000000000E+000  0.000000000000000E+000        
          -1                                                                    
           1                                                                    
           0           0          14           0                                
           7                                                                    
           0           0           0          12           0          -1        
           0          11           0                                            
  0.000000000000000E+000  0.884624350533499       0.465732676608203             
 -2.308316231681280E-002  6.812809242104636E-004  5.109989020000000E-004        
  0.000000000000000E+000  0.170282022210464        1.00000000000000             
  3.850397301431585E-002 -0.893346145396028       1.030068933880539E-003        
 -7.113821316250239E-002                                                        
           0           0           0                                            
          14                                                                    
           2           2          12          11          -1           0        
  0.511000000000000        1.00000000000000                                     
  0.000000000000000E+000                                                        
        1000        1000           0           0                                
  0.000000000000000E+000  0.000000000000000E+000  0.000000000000000E+000        
  -1.00000000000000                6                                            
          31           0           0           0                                
   1.00000000000000       0.884624350533499       0.465732676608203             
 -2.308316231681280E-002                                                        
  0.170282022210464       3.850397301431585E-002 -0.893346145396028             
  1.030068933880539E-003 -7.113821316250239E-002                                
  0.170282022210464       3.850835842629524E-002 -0.893269225795419             
  1.070565186842568E-003 -7.114022028295430E-002                                
  0.000000000000000E+000  0.000000000000000E+000  0.000000000000000E+000        
          -1                                                                    
           1                                                                    
           0           0          14           0                                
           7                                                                    
           0           0           0          12           0          -1        
           0          11           0                                            
  0.000000000000000E+000  0.648405673542268       0.698779790267186             
  0.302120650125648       6.812809242104636E-004  5.109989020000000E-004        
  0.000000000000000E+000  0.170282022210464        1.00000000000000             
  3.850835842629524E-002 -0.893269225795419       1.070565186842568E-003        
 -7.114022028295430E-002                                                        
           0           0           0                                            
          14                                                                    
           2           2          12          11          -1           0        
  0.511000000000000        1.00000000000000                                     
  0.000000000000000E+000                                                        
        1000        1000           0           0                                
  0.000000000000000E+000  0.000000000000000E+000  0.000000000000000E+000        
  -1.00000000000000                6                                            
          32           0           0           0                                
   1.00000000000000       0.648405673542268       0.698779790267186             
  0.302120650125648                                                             
  0.170282022210464       3.850835842629524E-002 -0.893269225795419             
  1.070565186842568E-003 -7.114022028295430E-002                                
  0.170282022210464       3.852170261900480E-002 -0.893097669427265             
  1.255449631641554E-003 -7.106028464451887E-002                                
  0.000000000000000E+000  0.000000000000000E+000  0.000000000000000E+000        
          -1                                                                    
           1                                                                    
           0           0          14           0                                
           7                                                                    
           0           0           0          12           0          -1        
           0          11           0                                            
  0.000000000000000E+000  0.666297351599640       0.690801078811239             
 -0.280787657785263       6.812809242104636E-004  5.109989020000000E-004        
  0.000000000000000E+000  0.170282022210464        1.00000000000000             
  3.852170261900480E-002 -0.893097669427265       1.255449631641554E-003        
 -7.106028464451887E-002                                                        
           0           0           0                                            
          14                                                                    
           2           2          12          11          -1           0        
  0.511000000000000        1.00000000000000                                     
  0.000000000000000E+000                                                        
        1000        1000           0           0                                
  0.000000000000000E+000  0.000000000000000E+000  0.000000000000000E+000        
  -1.00000000000000                6                                            
          33           0           0           0                                
   1.00000000000000       0.666297351599640       0.690801078811239             
 -0.280787657785263                                                             
  0.170282022210464       3.852170261900480E-002 -0.893097669427265             
  1.255449631641554E-003 -7.106028464451887E-002                                
  0.157873112968907       3.853046186990044E-002 -0.892983333349274             
  1.373990529085950E-003 -7.110846757585194E-002                                
  0.000000000000000E+000  0.000000000000000E+000  0.000000000000000E+000        
          -1                                                                    
           1                                                                    
           0           0          14           0                                
           7                                                                    
           0           0           0          12           0          -1        
           0          11           0                                            
  0.000000000000000E+000  0.666297351599640       0.690801078811239             
 -0.280787657785263       6.688720149689073E-004  5.109989020000000E-004        
  0.000000000000000E+000  0.157873112968907        1.00000000000000             
  3.853046186990044E-002 -0.892983333349274       1.373990529085950E-003        
 -7.110846757585194E-002                                                        
           0           0           0                                            
          14                                                                    
           2           2          12          11          -1           0        
  0.511000000000000        1.00000000000000                                     
  0.000000000000000E+000                                                        
        1000        1000           0           0                                
  0.000000000000000E+000  0.000000000000000E+000  0.000000000000000E+000        
  -1.00000000000000                6                                            
          34           0           0           0                                
   1.00000000000000       0.666297351599640       0.690801078811239             
 -0.280787657785263                                                             
  0.157873112968907       3.853046186990044E-002 -0.892983333349274             
  1.373990529085950E-003 -7.110846757585194E-002                                
  0.157873112968907       3.853508805506808E-002 -0.892923706774465             
  1.435809928645368E-003 -7.113359510523834E-002                                
  0.000000000000000E+000  0.000000000000000E+000  0.000000000000000E+000        
          -1                                                                    
           1                                                                    
           0           0          14           0                                
           7                                                                    
           0           0           0          12           0          -1        
           0          11           0                                            
  0.000000000000000E+000  0.920571551704310       0.389335123448147             
 -3.108343356733295E-002  6.688720149689073E-004  5.109989020000000E-004        
  0.000000000000000E+000  0.157873112968907        1.00000000000000             
  3.853508805506808E-002 -0.892923706774465       1.435809928645368E-003        
 -7.113359510523834E-002                                                        
           0           0           0                                            
          14                                                                    
           2           2          12          11          -1           0        
  0.511000000000000        1.00000000000000                                     
  0.000000000000000E+000                                                        
        1000        1000           0           0                                
  0.000000000000000E+000  0.000000000000000E+000  0.000000000000000E+000        
  -1.00000000000000                6                                            
          35           0           0           0                                
   1.00000000000000       0.920571551704310       0.389335123448147             
 -3.108343356733295E-002                                                        
  0.157873112968907       3.853508805506808E-002 -0.892923706774465             
  1.435809928645368E-003 -7.113359510523834E-002                                
  0.157873112968907       3.854649803709503E-002 -0.892720521947382             
  1.521742401345097E-003 -7.114045571489200E-002                                
  0.000000000000000E+000  0.000000000000000E+000  0.000000000000000E+000        
          -1                                                                    
           1                                                                    
           0           0          14           0                                
           7                                                                    
           0           0           0          12           0          -1        
           0          11           0                                            
  0.000000000000000E+000 -0.207562868460130       0.565318079698448             
 -0.798331462741299       6.688720149689073E-004  5.109989020000000E-004        
  0.000000000000000E+000  0.157873112968907        1.00000000000000             
  3.854649803709503E-002 -0.892720521947382       1.521742401345097E-003        
 -7.114045571489200E-002                                                        
           0           0           0                                            
          14                                                                    
           2           2          12          11          -1           0        
  0.511000000000000        1.00000000000000                                     
  0.000000000000000E+000                                                        
        1000        1000           0           0                                
  0.000000000000000E+000  0.000000000000000E+000  0.000000000000000E+000        
  -1.00000000000000                6                                            
          36           0           0           0                                
   1.00000000000000      -0.207562868460130       0.565318079698448             
 -0.798331462741299                                                             
  0.157873112968907       3.854649803709503E-002 -0.892720521947382             
  1.521742401345097E-003 -7.114045571489200E-002                                
  0.157873112968907       3.856365227741190E-002 -0.892789398264565             
  1.709333889433474E-003 -7.140536885399290E-002                                
  0.000000000000000E+000  0.000000000000000E+000  0.000000000000000E+000        
          -1                                                                    
           1                                                                    
           0           0          14           0                                
           7                                                                    
           0           0           0          12           0          -1        
           0          11           0                                            
  0.000000000000000E+000 -0.968184211903683       0.230927319100380             
  9.639452844200060E-002  6.688720149689073E-004  5.109989020000000E-004        
  0.000000000000000E+000  0.157873112968907        1.00000000000000             
  3.856365227741190E-002 -0.892789398264565       1.709333889433474E-003        
 -7.140536885399290E-002                                                        
           0           0           0                                            
          14                                                                    
           2           2          12          11          -1           0        
  0.511000000000000        1.00000000000000                                     
  0.000000000000000E+000                                                        
        1000        1000           0           0                                
  0.000000000000000E+000  0.000000000000000E+000  0.000000000000000E+000        
  -1.00000000000000                6                                            
          37           0           0           0                                
   1.00000000000000      -0.968184211903683       0.230927319100380             
  9.639452844200060E-002                                                        
  0.157873112968907       3.856365227741190E-002 -0.892789398264565             
  1.709333889433474E-003 -7.140536885399290E-002                                
  0.146149979624860       3.857127558732509E-002 -0.892930384176108             
  1.742961269619334E-003 -7.139133198963063E-002                                
  0.000000000000000E+000  0.000000000000000E+000  0.000000000000000E+000        
          -1                                                                    
           1                                                                    
           0           0          14           0                                
           7                                                                    
           0           0           0          12           0          -1        
           0          11           0                                            
  0.000000000000000E+000 -0.968184211903683       0.230927319100380             
  9.639452844200061E-002  6.571488816248600E-004  5.109989020000000E-004        
  0.000000000000000E+000  0.146149979624860        1.00000000000000             
  3.857127558732509E-002 -0.892930384176108       1.742961269619334E-003        
 -7.139133198963063E-002                                                        
           0           0           0                                            
          14                                                                    
           2           2          12          11          -1           0        
  0.511000000000000        1.00000000000000                                     
  0.000000000000000E+000                                                        
        1000        1000           0           0                                
  0.000000000000000E+000  0.000000000000000E+000  0.000000000000000E+000        
  -1.00000000000000                6                                            
          38           0           0           0                                
   1.00000000000000      -0.968184211903683       0.230927319100380             
  9.639452844200061E-002                                                        
  0.146149979624860       3.857127558732509E-002 -0.892930384176108             
  1.742961269619334E-003 -7.139133198963063E-002                                
  0.146149979624860       3.857765781712906E-002 -0.893046859890149             
  1.770742578230917E-003 -7.137973541390479E-002                                
  0.000000000000000E+000  0.000000000000000E+000  0.000000000000000E+000        
          -1                                                                    
           1                                                                    
           0           0          14           0                                
           7                                                                    
           0           0           0          12           0          -1        
           0          11           0                                            
  0.000000000000000E+000 -0.227133191727666      -0.336057086090046             
 -0.914043843644423       6.571488816248600E-004  5.109989020000000E-004        
  0.000000000000000E+000  0.146149979624860        1.00000000000000             
  3.857765781712906E-002 -0.893046859890149       1.770742578230917E-003        
 -7.137973541390479E-002                                                        
           0           0           0                                            
          14                                                                    
           2           2          12          11          -1           0        
  0.511000000000000        1.00000000000000                                     
  0.000000000000000E+000                                                        
        1000        1000           0           0                                
  0.000000000000000E+000  0.000000000000000E+000  0.000000000000000E+000        
  -1.00000000000000                6                                            
          39           0           0           0                                
   1.00000000000000      -0.227133191727666      -0.336057086090046             
 -0.914043843644423                                                             
  0.146149979624860       3.857765781712906E-002 -0.893046859890149             
  1.770742578230917E-003 -7.137973541390479E-002                                
  0.146149979624860       3.858304990483149E-002 -0.893069945560961             
  1.736585953192272E-003 -7.147263823943210E-002                                
  0.000000000000000E+000  0.000000000000000E+000  0.000000000000000E+000        
          -1                                                                    
           1                                                                    
           0           0          14           0                                
           7                                                                    
           0           0           0          12           0          -1        
           0          11           0                                            
  0.000000000000000E+000 -0.633445259940318       0.263139766673880             
 -0.727670643803884       6.571488816248600E-004  5.109989020000000E-004        
  0.000000000000000E+000  0.146149979624860        1.00000000000000             
  3.858304990483149E-002 -0.893069945560961       1.736585953192272E-003        
 -7.147263823943210E-002                                                        
           0           0           0                                            
          14                                                                    
           2           2          12          11          -1           0        
  0.511000000000000        1.00000000000000                                     
  0.000000000000000E+000                                                        
        1000        1000           0           0                                
  0.000000000000000E+000  0.000000000000000E+000  0.000000000000000E+000        
  -1.00000000000000                6                                            
          40           0           0           0                                
   1.00000000000000      -0.633445259940318       0.263139766673880             
 -0.727670643803884                                                             
  0.146149979624860       3.858304990483149E-002 -0.893069945560961             
  1.736585953192272E-003 -7.147263823943210E-002                                
  0.146149979624860       3.859392377356856E-002 -0.893199782456953             
  1.790521553752507E-003 -7.162178845598700E-002                                
  0.000000000000000E+000  0.000000000000000E+000  0.000000000000000E+000        
          -1                                                                    
           1                                                                    
           0           0          14           0                                
           7                                                                    
           0           0           0          12           0          -1        
           0          11           0                                            
  0.000000000000000E+000 -0.276372568929702       0.588386382490016             
 -0.759881351293417       6.571488816248600E-004  5.109989020000000E-004        
  0.000000000000000E+000  0.146149979624860        1.00000000000000             
  3.859392377356856E-002 -0.893199782456953       1.790521553752507E-003        
 -7.162178845598700E-002                                                        
           0           0           0                                            
          14                                                                    
           2           2          12          11          -1           0        
  0.511000000000000        1.00000000000000                                     
  0.000000000000000E+000                                                        
        1000        1000           0           0                                
  0.000000000000000E+000  0.000000000000000E+000  0.000000000000000E+000        
  -1.00000000000000                6                                            
          41           0           0           0                                
   1.00000000000000      -0.276372568929702       0.588386382490016             
 -0.759881351293417                                                             
  0.146149979624860       3.859392377356856E-002 -0.893199782456953             
  1.790521553752507E-003 -7.162178845598700E-002                                
  0.146149979624860       3.860604087721593E-002 -0.893262907066614             
  1.924911377128906E-003 -7.179534842206775E-002                                
  0.000000000000000E+000  0.000000000000000E+000  0.000000000000000E+000        
          -1                                                                    
           1                                                                    
           0           0          14           0                                
           7                                                                    
           0           0           0          12           0          -1        
           0          11           0                                            
  0.000000000000000E+000 -0.857564960486389      -0.513913797579880             
  2.179328343788401E-002  6.571488816248600E-004  5.109989020000000E-004        
  0.000000000000000E+000  0.146149979624860        1.00000000000000             
  3.860604087721593E-002 -0.893262907066614       1.924911377128906E-003        
 -7.179534842206775E-002                                                        
           0           0           0                                            
          14                                                                    
           2           2          12          11          -1           0        
  0.511000000000000        1.00000000000000                                     
  0.000000000000000E+000                                                        
        1000        1000           0           0                                
  0.000000000000000E+000  0.000000000000000E+000  0.000000000000000E+000        
  -1.00000000000000                6                                            
          42           0           0           0                                
   1.00000000000000      -0.857564960486389      -0.513913797579880             
  2.179328343788401E-002                                                        
  0.146149979624860       3.860604087721593E-002 -0.893262907066614             
  1.924911377128906E-003 -7.179534842206775E-002                                
  0.135052805176122       3.861378907442994E-002 -0.893386506558177             
  1.850841788217620E-003 -7.179220739033661E-002                                
  0.000000000000000E+000  0.000000000000000E+000  0.000000000000000E+000        
          -1                                                                    
           1                                                                    
           0           0          14           0                                
           7                                                                    
           0           0           0          12           0          -1        
           0          11           0                                            
  0.000000000000000E+000 -0.857564960486389      -0.513913797579880             
  2.179328343788401E-002  6.460517071761218E-004  5.109989020000000E-004        
  0.000000000000000E+000  0.135052805176122        1.00000000000000             
  3.861378907442994E-002 -0.893386506558177       1.850841788217620E-003        
 -7.179220739033661E-002                                                        
           0           0           0                                            
          14                                                                    
           2           2          12          11          -1           0        
  0.511000000000000        1.00000000000000                                     
  0.000000000000000E+000                                                        
        1000        1000           0           0                                
  0.000000000000000E+000  0.000000000000000E+000  0.000000000000000E+000        
  -1.00000000000000                6                                            
          43           0           0           0                                
   1.00000000000000      -0.857564960486389      -0.513913797579880             
  2.179328343788401E-002                                                        
  0.135052805176122       3.861378907442994E-002 -0.893386506558177             
  1.850841788217620E-003 -7.179220739033661E-002                                
  0.135052805176122       3.862272704066422E-002 -0.893527107062699             
  1.766583985543474E-003 -7.178863431215855E-002                                
  0.000000000000000E+000  0.000000000000000E+000  0.000000000000000E+000        
          -1                                                                    
           1                                                                    
           0           0          14           0                                
           7                                                                    
           0           0           0          12           0          -1        
           0          11           0                                            
  0.000000000000000E+000 -0.651273987850610      -0.751222004085127             
  0.107273917274835       6.460517071761218E-004  5.109989020000000E-004        
  0.000000000000000E+000  0.135052805176122        1.00000000000000             
  3.862272704066422E-002 -0.893527107062699       1.766583985543474E-003        
 -7.178863431215855E-002                                                        
           0           0           0                                            
          14                                                                    
           2           2          12          11          -1           0        
  0.511000000000000        1.00000000000000                                     
  0.000000000000000E+000                                                        
        1000        1000           0           0                                
  0.000000000000000E+000  0.000000000000000E+000  0.000000000000000E+000        
  -1.00000000000000                6                                            
          44           0           0           0                                
   1.00000000000000      -0.651273987850610      -0.751222004085127             
  0.107273917274835                                                             
  0.135052805176122       3.862272704066422E-002 -0.893527107062699             
  1.766583985543474E-003 -7.178863431215855E-002                                
  0.135052805176122       3.862909025273317E-002 -0.893603125908548             
  1.678898877905021E-003 -7.177611294706022E-002                                
  0.000000000000000E+000  0.000000000000000E+000  0.000000000000000E+000        
          -1                                                                    
           1                                                                    
           0           0          14           0                                
           7                                                                    
           0           0           0          12           0          -1        
           0          11           0                                            
  0.000000000000000E+000  0.139841284495140      -0.457933029201798             
  0.877918991659717       6.460517071761218E-004  5.109989020000000E-004        
  0.000000000000000E+000  0.135052805176122        1.00000000000000             
  3.862909025273317E-002 -0.893603125908548       1.678898877905021E-003        
 -7.177611294706022E-002                                                        
           0           0           0                                            
          14                                                                    
           2           2          12          11          -1           0        
  0.511000000000000        1.00000000000000                                     
  0.000000000000000E+000                                                        
        1000        1000           0           0                                
  0.000000000000000E+000  0.000000000000000E+000  0.000000000000000E+000        
  -1.00000000000000                6                                            
          45           0           0           0                                
   1.00000000000000       0.139841284495140      -0.457933029201798             
  0.877918991659717                                                             
  0.135052805176122       3.862909025273317E-002 -0.893603125908548             
  1.678898877905021E-003 -7.177611294706022E-002                                
  0.135052805176122       3.863992353177081E-002 -0.893575336680948             
  1.587898532618376E-003 -7.160165308878359E-002                                
  0.000000000000000E+000  0.000000000000000E+000  0.000000000000000E+000        
          -1                                                                    
           1                                                                    
           0           0          14           0                                
           7                                                                    
           0           0           0          12           0          -1        
           0          11           0                                            
  0.000000000000000E+000  0.149217472005675      -0.736382016670631             
  0.659905805075489       6.460517071761218E-004  5.109989020000000E-004        
  0.000000000000000E+000  0.135052805176122        1.00000000000000             
  3.863992353177081E-002 -0.893575336680948       1.587898532618376E-003        
 -7.160165308878359E-002                                                        
           0           0           0                                            
          14                                                                    
           2           2          12          11          -1           0        
  0.511000000000000        1.00000000000000                                     
  0.000000000000000E+000                                                        
        1000        1000           0           0                                
  0.000000000000000E+000  0.000000000000000E+000  0.000000000000000E+000        
  -1.00000000000000                6                                            
          46           0           0           0                                
   1.00000000000000       0.149217472005675      -0.736382016670631             
  0.659905805075489                                                             
  0.135052805176122       3.863992353177081E-002 -0.893575336680948             
  1.587898532618376E-003 -7.160165308878359E-002                                
  0.135052805176122       3.864433237084532E-002 -0.893563268965342             
  1.528344858138714E-003 -7.154828430109865E-002                                
  0.000000000000000E+000  0.000000000000000E+000  0.000000000000000E+000        
          -1                                                                    
           1                                                                    
           0           0          14           0                                
           7                                                                    
           0           0           0          12           0          -1        
           0          11           0                                            
  0.000000000000000E+000 -0.359370534446772      -0.490883529686661             
  0.793653689750011       6.460517071761218E-004  5.109989020000000E-004        
  0.000000000000000E+000  0.135052805176122        1.00000000000000             
  3.864433237084532E-002 -0.893563268965342       1.528344858138714E-003        
 -7.154828430109865E-002                                                        
           0           0           0                                            
          14                                                                    
           2           2          12          11          -1           0        
  0.511000000000000        1.00000000000000                                     
  0.000000000000000E+000                                                        
        1000        1000           0           0                                
  0.000000000000000E+000  0.000000000000000E+000  0.000000000000000E+000        
  -1.00000000000000                6                                            
          47           0           0           0                                
   1.00000000000000      -0.359370534446772      -0.490883529686661             
  0.793653689750011                                                             
  0.135052805176122       3.864433237084532E-002 -0.893563268965342             
  1.528344858138714E-003 -7.154828430109865E-002                                
  0.135052805176122       3.865863997728106E-002 -0.893657586098712             
  1.399512015986124E-003 -7.133998914684760E-002                                
  0.000000000000000E+000  0.000000000000000E+000  0.000000000000000E+000        
          -1                                                                    
           1                                                                    
           0           0          14           0                                
           7                                                                    
           0           0           0          12           0          -1        
           0          11           0                                            
  0.000000000000000E+000 -9.921376679243689E-002 -0.251354934684284             
  0.962796616782961       6.460517071761218E-004  5.109989020000000E-004        
  0.000000000000000E+000  0.135052805176122        1.00000000000000             
  3.865863997728106E-002 -0.893657586098712       1.399512015986124E-003        
 -7.133998914684760E-002                                                        
           0           0           0                                            
          14                                                                    
           2           2          12          11          -1           0        
  0.511000000000000        1.00000000000000                                     
  0.000000000000000E+000                                                        
        1000        1000           0           0                                
  0.000000000000000E+000  0.000000000000000E+000  0.000000000000000E+000        
  -1.00000000000000                6                                            
          48           0           0           0                                
   1.00000000000000      -9.921376679243689E-002 -0.251354934684284             
  0.962796616782961                                                             
  0.135052805176122       3.865863997728106E-002 -0.893657586098712             
  1.399512015986124E-003 -7.133998914684760E-002                                
  0.124927927611624       3.866403186793759E-002 -0.893667268036415             
  1.374983133577630E-003 -7.124603306428240E-002                                
  0.000000000000000E+000  0.000000000000000E+000  0.000000000000000E+000        
          -1                                                                    
           1                                                                    
           0           0          14           0                                
           7                                                                    
           0           0           0          12           0          -1        
           0          11           0                                            
  0.000000000000000E+000 -9.921376679243689E-002 -0.251354934684284             
  0.962796616782961       6.359268296116245E-004  5.109989020000000E-004        
  0.000000000000000E+000  0.124927927611625        1.00000000000000             
  3.866403186793759E-002 -0.893667268036415       1.374983133577630E-003        
 -7.124603306428240E-002                                                        
           0           0           0                                            
          14                                                                    
           2           2          12          11          -1           0        
  0.511000000000000        1.00000000000000                                     
  0.000000000000000E+000                                                        
        1000        1000           0           0                                
  0.000000000000000E+000  0.000000000000000E+000  0.000000000000000E+000        
  -1.00000000000000                6                                            
          49           0           0           0                                
   1.00000000000000      -9.921376679243689E-002 -0.251354934684284             
  0.962796616782961                                                             
  0.124927927611625       3.866403186793759E-002 -0.893667268036415             
  1.374983133577630E-003 -7.124603306428240E-002                                
  0.124927927611625       3.866730793724942E-002 -0.893673068139571             
  1.360288756001726E-003 -7.118974733019255E-002                                
  0.000000000000000E+000  0.000000000000000E+000  0.000000000000000E+000        
          -1                                                                    
           1                                                                    
           0           0          14           0                                
           7                                                                    
           0           0           0          12           0          -1        
           0          11           0                                            
  0.000000000000000E+000 -5.208264308673035E-002 -0.391580124753549             
  0.918668821821605       6.359268296116245E-004  5.109989020000000E-004        
  0.000000000000000E+000  0.124927927611625        1.00000000000000             
  3.866730793724942E-002 -0.893673068139571       1.360288756001726E-003        
 -7.118974733019255E-002                                                        
           0           0           0                                            
          14                                                                    
           2           2          12          11          -1           0        
  0.511000000000000        1.00000000000000                                     
  0.000000000000000E+000                                                        
        1000        1000           0           0                                
  0.000000000000000E+000  0.000000000000000E+000  0.000000000000000E+000        
  -1.00000000000000                6                                            
          50           0           0           0                                
   1.00000000000000      -5.208264308673035E-002 -0.391580124753549             
  0.918668821821605                                                             
  0.124927927611625       3.866730793724942E-002 -0.893673068139571             
  1.360288756001726E-003 -7.118974733019255E-002                                
  0.124927927611625       3.867512004509900E-002 -0.893680328730078             
  1.305700456176742E-003 -7.106168013291837E-002                                
  0.000000000000000E+000  0.000000000000000E+000  0.000000000000000E+000        
          -1                                                                    
           1                                                                    
           0           0          14           0                                
           7                                                                    
           0           0           0          12           0          -1        
           0          11           0                                            
  0.000000000000000E+000  0.770657314212045      -0.496144560093784             
  0.399909839264832       6.359268296116245E-004  5.109989020000000E-004        
  0.000000000000000E+000  0.124927927611625        1.00000000000000             
  3.867512004509900E-002 -0.893680328730078       1.305700456176742E-003        
 -7.106168013291837E-002                                                        
           0           0           0                                            
          14                                                                    
           2           2          12          11          -1           0        
  0.511000000000000        1.00000000000000                                     
  0.000000000000000E+000                                                        
        1000        1000           0           0                                
  0.000000000000000E+000  0.000000000000000E+000  0.000000000000000E+000        
  -1.00000000000000                6                                            
          51           0           0           0                                
   1.00000000000000       0.770657314212045      -0.496144560093784             
  0.399909839264832                                                             
  0.124927927611625       3.867512004509900E-002 -0.893680328730078             
  1.305700456176742E-003 -7.106168013291837E-002                                
  0.115447501539085       3.868842970675460E-002 -0.893499823692265             
  1.189492394657236E-003 -7.096801237770857E-002                                
  0.000000000000000E+000  0.000000000000000E+000  0.000000000000000E+000        
          -1                                                                    
           1                                                                    
           0           0          14           0                                
           7                                                                    
           0           0           0          12           0          -1        
           0          11           0                                            
  0.000000000000000E+000  0.770657314212045      -0.496144560093784             
  0.399909839264832       6.264464035390853E-004  5.109989020000000E-004        
  0.000000000000000E+000  0.115447501539085        1.00000000000000             
  3.868842970675460E-002 -0.893499823692265       1.189492394657236E-003        
 -7.096801237770857E-002                                                        
           0           0           0                                            
          14                                                                    
           2           2          12          11          -1           0        
  0.511000000000000        1.00000000000000                                     
  0.000000000000000E+000                                                        
        1000        1000           0           0                                
  0.000000000000000E+000  0.000000000000000E+000  0.000000000000000E+000        
  -1.00000000000000                6                                            
          52           0           0           0                                
   1.00000000000000       0.770657314212045      -0.496144560093784             
  0.399909839264832                                                             
  0.115447501539085       3.868842970675460E-002 -0.893499823692265             
  1.189492394657236E-003 -7.096801237770857E-002                                
  0.115447501539085       3.868989209298561E-002 -0.893480279513513             
  1.176909969511387E-003 -7.095787050370175E-002                                
  0.000000000000000E+000  0.000000000000000E+000  0.000000000000000E+000        
          -1                                                                    
           1                                                                    
           0           0          14           0                                
           7                                                                    
           0           0           0          12           0          -1        
           0          11           0                                            
  0.000000000000000E+000  0.305759932436974       0.820059421830800             
  0.483749323909265       6.264464035390853E-004  5.109989020000000E-004        
  0.000000000000000E+000  0.115447501539085        1.00000000000000             
  3.868989209298561E-002 -0.893480279513513       1.176909969511387E-003        
 -7.095787050370175E-002                                                        
           0           0           0                                            
          14                                                                    
           2           2          12          11          -1           0        
  0.511000000000000        1.00000000000000                                     
  0.000000000000000E+000                                                        
        1000        1000           0           0                                
  0.000000000000000E+000  0.000000000000000E+000  0.000000000000000E+000        
  -1.00000000000000                6                                            
          53           0           0           0                                
   1.00000000000000       0.305759932436974       0.820059421830800             
  0.483749323909265                                                             
  0.115447501539085       3.868989209298561E-002 -0.893480279513513             
  1.176909969511387E-003 -7.095787050370175E-002                                
  0.115447501539085       3.869370086409856E-002 -0.893460083787020             
  1.231075653221369E-003 -7.092591841318703E-002                                
  0.000000000000000E+000  0.000000000000000E+000  0.000000000000000E+000        
          -1                                                                    
           1                                                                    
           0           0          14           0                                
           7                                                                    
           0           0           0          12           0          -1        
           0          11           0                                            
  0.000000000000000E+000 -0.579372934590911       0.762788252660202             
  0.287195202374816       6.264464035390853E-004  5.109989020000000E-004        
  0.000000000000000E+000  0.115447501539085        1.00000000000000             
  3.869370086409856E-002 -0.893460083787020       1.231075653221369E-003        
 -7.092591841318703E-002                                                        
           0           0           0                                            
          14                                                                    
           2           2          12          11          -1           0        
  0.511000000000000        1.00000000000000                                     
  0.000000000000000E+000                                                        
        1000        1000           0           0                                
  0.000000000000000E+000  0.000000000000000E+000  0.000000000000000E+000        
  -1.00000000000000                6                                            
          54           0           0           0                                
   1.00000000000000      -0.579372934590911       0.762788252660202             
  0.287195202374816                                                             
  0.115447501539085       3.869370086409856E-002 -0.893460083787020             
  1.231075653221369E-003 -7.092591841318703E-002                                
  0.115447501539085       3.870063336755982E-002 -0.893529737188612             
  1.322779620252128E-003 -7.089139121736548E-002                                
  0.000000000000000E+000  0.000000000000000E+000  0.000000000000000E+000        
          -1                                                                    
           1                                                                    
           0           0          14           0                                
           7                                                                    
           0           0           0          12           0          -1        
           0          11           0                                            
  0.000000000000000E+000  0.267146616577649       0.740111605579476             
  0.617144631782279       6.264464035390853E-004  5.109989020000000E-004        
  0.000000000000000E+000  0.115447501539085        1.00000000000000             
  3.870063336755982E-002 -0.893529737188612       1.322779620252128E-003        
 -7.089139121736548E-002                                                        
           0           0           0                                            
          14                                                                    
           2           2          12          11          -1           0        
  0.511000000000000        1.00000000000000                                     
  0.000000000000000E+000                                                        
        1000        1000           0           0                                
  0.000000000000000E+000  0.000000000000000E+000  0.000000000000000E+000        
  -1.00000000000000                6                                            
          55           0           0           0                                
   1.00000000000000       0.267146616577649       0.740111605579476             
  0.617144631782279                                                             
  0.115447501539085       3.870063336755982E-002 -0.893529737188612             
  1.322779620252128E-003 -7.089139121736548E-002                                
  0.115447501539085       3.870882822376758E-002 -0.893491772044927             
  1.427959479196070E-003 -7.080368662682870E-002                                
  0.000000000000000E+000  0.000000000000000E+000  0.000000000000000E+000        
          -1                                                                    
           1                                                                    
           0           0          14           0                                
           7                                                                    
           0           0           0          12           0          -1        
           0          11           0                                            
  0.000000000000000E+000 -0.130456144463576       0.181018522762956             
  0.974788945766424       6.264464035390853E-004  5.109989020000000E-004        
  0.000000000000000E+000  0.115447501539085        1.00000000000000             
  3.870882822376758E-002 -0.893491772044927       1.427959479196070E-003        
 -7.080368662682870E-002                                                        
           0           0           0                                            
          14                                                                    
           2           2          12          11          -1           0        
  0.511000000000000        1.00000000000000                                     
  0.000000000000000E+000                                                        
        1000        1000           0           0                                
  0.000000000000000E+000  0.000000000000000E+000  0.000000000000000E+000        
  -1.00000000000000                6                                            
          56           0           0           0                                
   1.00000000000000      -0.130456144463576       0.181018522762956             
  0.974788945766424                                                             
  0.115447501539085       3.870882822376758E-002 -0.893491772044927             
  1.427959479196070E-003 -7.080368662682870E-002                                
  0.115447501539085       3.871756253201377E-002 -0.893511532051556             
  1.455378097342444E-003 -7.065603673183826E-002                                
  0.000000000000000E+000  0.000000000000000E+000  0.000000000000000E+000        
          -1                                                                    
           1                                                                    
           0           0          14           0                                
           7                                                                    
           0           0           0          12           0          -1        
           0          11           0                                            
  0.000000000000000E+000  1.606036846726787E-003  0.501201310144623             
  0.865329224835820       6.264464035390853E-004  5.109989020000000E-004        
  0.000000000000000E+000  0.115447501539085        1.00000000000000             
  3.871756253201377E-002 -0.893511532051556       1.455378097342444E-003        
 -7.065603673183826E-002                                                        
           0           0           0                                            
          14                                                                    
           2           2          12          11          -1           0        
  0.511000000000000        1.00000000000000                                     
  0.000000000000000E+000                                                        
        1000        1000           0           0                                
  0.000000000000000E+000  0.000000000000000E+000  0.000000000000000E+000        
  -1.00000000000000                6                                            
          57           0           0           0                                
   1.00000000000000       1.606036846726787E-003  0.501201310144623             
  0.865329224835820                                                             
  0.115447501539085       3.871756253201377E-002 -0.893511532051556             
  1.455378097342444E-003 -7.065603673183826E-002                                
  0.115447501539085       3.872465287986501E-002 -0.893511334574303             
  1.517005486863204E-003 -7.054963640900737E-002                                
  0.000000000000000E+000  0.000000000000000E+000  0.000000000000000E+000        
          -1                                                                    
           1                                                                    
           0           0          14           0                                
           7                                                                    
           0           0           0          12           0          -1        
           0          11           0                                            
  0.000000000000000E+000 -0.704347439607843      -0.659912822345393             
  0.261552578312687       6.264464035390853E-004  5.109989020000000E-004        
  0.000000000000000E+000  0.115447501539085        1.00000000000000             
  3.872465287986501E-002 -0.893511334574303       1.517005486863204E-003        
 -7.054963640900737E-002                                                        
           0           0           0                                            
          14                                                                    
           2           2          12          11          -1           0        
  0.511000000000000        1.00000000000000                                     
  0.000000000000000E+000                                                        
        1000        1000           0           0                                
  0.000000000000000E+000  0.000000000000000E+000  0.000000000000000E+000        
  -1.00000000000000                6                                            
          58           0           0           0                                
   1.00000000000000      -0.704347439607843      -0.659912822345393             
  0.261552578312687                                                             
  0.115447501539085       3.872465287986501E-002 -0.893511334574303             
  1.517005486863204E-003 -7.054963640900737E-002                                
  0.106397678609877       3.872856213338897E-002 -0.893558386275201             
  1.472922099901067E-003 -7.053216421702946E-002                                
  0.000000000000000E+000  0.000000000000000E+000  0.000000000000000E+000        
          -1                                                                    
           1                                                                    
           0           0          14           0                                
           7                                                                    
           0           0           0          12           0          -1        
           0          11           0                                            
  0.000000000000000E+000 -0.704347439607843      -0.659912822345393             
  0.261552578312687       6.173965806098774E-004  5.109989020000000E-004        
  0.000000000000000E+000  0.106397678609877        1.00000000000000             
  3.872856213338897E-002 -0.893558386275201       1.472922099901067E-003        
 -7.053216421702946E-002                                                        
           0           0           0                                            
          14                                                                    
           2           2          12          11          -1           0        
  0.511000000000000        1.00000000000000                                     
  0.000000000000000E+000                                                        
        1000        1000           0           0                                
  0.000000000000000E+000  0.000000000000000E+000  0.000000000000000E+000        
  -1.00000000000000                6                                            
          59           0           0           0                                
   1.00000000000000      -0.704347439607843      -0.659912822345393             
  0.261552578312687                                                             
  0.106397678609877       3.872856213338897E-002 -0.893558386275201             
  1.472922099901067E-003 -7.053216421702946E-002                                
  0.106397678609877       3.872872709757415E-002 -0.893560341197706             
  1.471090506066016E-003 -7.053143827555089E-002                                
  0.000000000000000E+000  0.000000000000000E+000  0.000000000000000E+000        
          -1                                                                    
           1                                                                    
           0           0          14           0                                
           7                                                                    
           0           0           0          12           0          -1        
           0          11           0                                            
  0.000000000000000E+000 -0.239417322730850      -0.959718860006425             
  0.147034197805685       6.173965806098774E-004  5.109989020000000E-004        
  0.000000000000000E+000  0.106397678609877        1.00000000000000             
  3.872872709757415E-002 -0.893560341197706       1.471090506066016E-003        
 -7.053143827555089E-002                                                        
           0           0           0                                            
          14                                                                    
           2           2          12          11          -1           0        
  0.511000000000000        1.00000000000000                                     
  0.000000000000000E+000                                                        
        1000        1000           0           0                                
  0.000000000000000E+000  0.000000000000000E+000  0.000000000000000E+000        
  -1.00000000000000                6                                            
          60           0           0           0                                
   1.00000000000000      -0.239417322730850      -0.959718860006425             
  0.147034197805685                                                             
  0.106397678609877       3.872872709757415E-002 -0.893560341197706             
  1.471090506066016E-003 -7.053143827555089E-002                                
  0.106397678609877       3.874019980591403E-002 -0.893606555293790             
  1.285838498803014E-003 -7.050305665108263E-002                                
  0.000000000000000E+000  0.000000000000000E+000  0.000000000000000E+000        
          -1                                                                    
           1                                                                    
           0           0          14           0                                
           7                                                                    
           0           0           0          12           0          -1        
           0          11           0                                            
  0.000000000000000E+000 -0.118761978462272      -0.890922497649226             
  0.438352250654872       6.173965806098774E-004  5.109989020000000E-004        
  0.000000000000000E+000  0.106397678609877        1.00000000000000             
  3.874019980591403E-002 -0.893606555293790       1.285838498803014E-003        
 -7.050305665108263E-002                                                        
           0           0           0                                            
          14                                                                    
           2           2          12          11          -1           0        
  0.511000000000000        1.00000000000000                                     
  0.000000000000000E+000                                                        
        1000        1000           0           0                                
  0.000000000000000E+000  0.000000000000000E+000  0.000000000000000E+000        
  -1.00000000000000                6                                            
          61           0           0           0                                
   1.00000000000000      -0.118761978462272      -0.890922497649226             
  0.438352250654872                                                             
  0.106397678609877       3.874019980591403E-002 -0.893606555293790             
  1.285838498803014E-003 -7.050305665108263E-002                                
  0.100000000000001       3.874283981443642E-002 -0.893611770200807             
  1.246717577740567E-003 -7.048380835076395E-002                                
  0.000000000000000E+000  0.000000000000000E+000  0.000000000000000E+000        
          -1                                                                    
           1                                                                    
           0           0          14           0                                
           7                                                                    
           0           0           0          12           0          -1        
           0          11           0                                            
  0.000000000000000E+000 -0.118761978462272      -0.890922497649226             
  0.438352250654871       6.109989020000009E-004  5.109989020000000E-004        
  0.000000000000000E+000  0.100000000000001        1.00000000000000             
  3.874283981443642E-002 -0.893611770200807       1.246717577740567E-003        
 -7.048380835076395E-002                                                        
           0           0           0                                            
          14                                                                    
           2           2          12          11          -1           0        
  0.511000000000000        1.00000000000000                                     
  0.000000000000000E+000                                                        
        1000        1000           0           0                                
  0.000000000000000E+000  0.000000000000000E+000  0.000000000000000E+000        
  -1.00000000000000                6                                            
          62           0           0           0                                
   1.00000000000000      -0.118761978462272      -0.890922497649226             
  0.438352250654871                                                             
  0.100000000000001       3.874283981443642E-002 -0.893611770200807             
  1.246717577740567E-003 -7.048380835076395E-002                                
  0.100000000000001       3.874883148503799E-002 -0.893623465230679             
  1.158984404557354E-003 -7.044064181941759E-002                                
  0.000000000000000E+000  0.000000000000000E+000  0.000000000000000E+000        
          -1                                                                    
           1                                                                    
           0           0          14           0                                
           7                                                                    
           0           0           0          12           0          -1        
           0          11           0                                            
  0.000000000000000E+000 -2.092574359574227E-003 -0.695792523604659             
  0.718239782543692       6.109989020000009E-004  5.109989020000000E-004        
  0.000000000000000E+000  0.100000000000001        1.00000000000000             
  3.874883148503799E-002 -0.893623465230679       1.158984404557354E-003        
 -7.044064181941759E-002                                                        
           0           0           0                                            
          14                                                                    
           2           2          12          11          -1           0        
  0.511000000000000        1.00000000000000                                     
  0.000000000000000E+000                                                        
        1000        1000           0           0                                
  0.000000000000000E+000  0.000000000000000E+000  0.000000000000000E+000        
  -1.00000000000000                6                                            
          63           0           0           0                                
   1.00000000000000      -2.092574359574227E-003 -0.695792523604659             
  0.718239782543692                                                             
  0.100000000000001       3.874883148503799E-002 -0.893623465230679             
  1.158984404557354E-003 -7.044064181941759E-002                                
  0.100000000000001       3.875364653756106E-002 -0.893623630829756             
  1.103921797686331E-003 -7.038380281433537E-002                                
  0.000000000000000E+000  0.000000000000000E+000  0.000000000000000E+000        
          -1                                                                    
           1                                                                    
           0           0          14           0                                
           7                                                                    
           0           0           0          12           0          -1        
           0          11           0                                            
  0.000000000000000E+000 -0.138451676777467      -0.927333770391337             
  0.347682630410687       6.109989020000009E-004  5.109989020000000E-004        
  0.000000000000000E+000  0.100000000000001        1.00000000000000             
  3.875364653756106E-002 -0.893623630829756       1.103921797686331E-003        
 -7.038380281433537E-002                                                        
           0           0           0                                            
          14                                                                    
           2           2          12          11          -1           0        
  0.511000000000000        1.00000000000000                                     
  0.000000000000000E+000                                                        
        1000        1000           0           0                                
  0.000000000000000E+000  0.000000000000000E+000  0.000000000000000E+000        
  -1.00000000000000                6                                            
          64           0           0           0                                
   1.00000000000000      -0.138451676777467      -0.927333770391337             
  0.347682630410687                                                             
  0.100000000000001       3.875364653756106E-002 -0.893623630829756             
  1.103921797686331E-003 -7.038380281433537E-002                                
  0.100000000000001       3.875635768089195E-002 -0.893629799998932             
  1.062601395902283E-003 -7.036831067284263E-002                                
  0.000000000000000E+000  0.000000000000000E+000  0.000000000000000E+000        
          -1                                                                    
           1                                                                    
           0           0          14           0                                
           7                                                                    
           0           0           0          12           0          -1        
           0          11           0                                            
  0.000000000000000E+000 -0.475454998716619      -0.407950185411151             
  0.779435173967911       6.109989020000009E-004  5.109989020000000E-004        
  0.000000000000000E+000  0.100000000000001        1.00000000000000             
  3.875635768089195E-002 -0.893629799998932       1.062601395902283E-003        
 -7.036831067284263E-002                                                        
           0           0           0                                            
          11                                                                    
           2           2          12          11          -1           0        
  0.511000000000000        1.00000000000000                                     
  0.000000000000000E+000                                                        
        1000        1000           0           0                                
  0.000000000000000E+000  0.000000000000000E+000  0.000000000000000E+000        
  -1.00000000000000                6                                            
          65           0           0           0                                
   1.00000000000000      -0.475454998716619      -0.407950185411151             
  0.779435173967911                                                             
  0.100000000000001       3.875635768089195E-002 -0.893629799998932             
  1.062601395902283E-003 -7.036831067284263E-002                                
  0.100000000000000       3.876036509329875E-002 -0.893661114784209             
  1.035732664908725E-003 -7.031697490988630E-002                                
  0.000000000000000E+000  0.000000000000000E+000  0.000000000000000E+000        
          -1                                                                    
          11                                                                    
           3           2          13         -11           1           0        
  0.511000000000000        1.00000000000000                                     
  0.000000000000000E+000                                                        
        1000        1000           0           0                                
  0.000000000000000E+000  0.000000000000000E+000  0.000000000000000E+000        
  -1.00000000000000                6                                            
           2           0           0           0                                
   1.00000000000000       0.904893444974591      -0.364539783970350             
 -0.219723915732602                                                             
  6.199779321186538E-004  3.801762575334552E-002 -0.891089108910891             
  0.000000000000000E+000 -7.015556519988485E-002                                
  6.199779321186538E-004  3.801762575334552E-002 -0.891089108910891             
  0.000000000000000E+000 -7.015556519988485E-002                                
  0.000000000000000E+000  0.000000000000000E+000  0.000000000000000E+000        
           1                                                                    
           4                                                                    
      509608           1   509608.000000000        509608.000000000             
